{"cameraMode":{"drawMode":0,"name":"Shaded","section":"Shading Mode"},"sceneLighting":false,"audioPlay":false,"sceneViewState":{"m_AlwaysRefresh":false,"showFog":true,"showSkybox":false,"showFlares":true,"showImageEffects":true,"showParticleSystems":true,"showVisualEffectGraphs":true,"m_FxEnabled":true},"in2DMode":false,"pivot":{"x":0.48122110962867739,"y":0.01356518268585205,"z":-4.4760284423828129},"rotation":{"x":-0.3645195960998535,"y":0.0980646163225174,"z":-0.038635775446891788,"w":-0.9252138137817383},"size":2.0215671062469484,"orthographic":false}