{"cameraMode":{"drawMode":0,"name":"Shaded","section":"Shading Mode"},"sceneLighting":false,"audioPlay":false,"sceneViewState":{"m_AlwaysRefresh":false,"showFog":true,"showSkybox":false,"showFlares":true,"showImageEffects":true,"showParticleSystems":true,"showVisualEffectGraphs":true,"m_FxEnabled":true},"in2DMode":false,"pivot":{"x":2.5996739864349367,"y":-9.681493759155274,"z":21.08723258972168},"rotation":{"x":0.28371936082839968,"y":0.19476531445980073,"z":-0.05897269397974014,"w":0.9370701313018799},"size":16.955787658691408,"orthographic":false}